Aleshia,Production Employee,01-10-90,13-02-21,0+,01944-369967,atomkiewicz@hotmail.com,14 Taylor St
Evan,Production Employee,02-10-90,14-02-21,0+,01714-737668,evan.zigomalas@gmail.com,5 Binney St
France,Production Employee,03-10-90,15-02-21,0+,01935-821636,france.andrade@hotmail.com,8 Moor Place
Ulysses,Production Employee,04-10-90,16-02-21,0+,01302-601380,ulysses@hotmail.com,505 Exeter Rd
Tyisha,Production Employee,05-10-90,17-02-21,0+,01290-367248,tyisha.veness@hotmail.com,5396 Forth Street
Eric,Production Employee,06-10-90,18-02-21,0+,01545-817375,erampy@rampy.co.uk,9472 Lind St
Marg,Production Employee,07-10-90,19-02-21,0+,01362-620532,marg@hotmail.com,7457 Cowl St #70
Laquita,Production Employee,08-10-90,20-02-21,0+,01590-982428,laquita@yahoo.com,20 Gloucester Pl #96
Lura,Production Employee,09-10-90,21-02-21,0+,01340-713951,lura@hotmail.com,929 Augustine St
Yuette,Production Employee,10-10-90,22-02-21,0+,01933-512513,yuette.klapec@klapec.co.uk,45 Bradfield St #166
Fernanda,Production Employee,11-10-90,23-02-21,0+,01687-879391,fernanda@writer.co.uk,620 Northampton St
Charlesetta,Production Employee,12-10-90,24-02-21,0+,01517-624517,charlesetta_erm@gmail.com,5 Hygeia St
Corrinne,Production Employee,13-10-90,25-02-21,0+,01642-322954,corrinne_jaret@gmail.com,2150 Morley St
Niesha,Production Employee,14-10-90,26-02-21,0+,01342-793603,niesha.bruch@yahoo.com,24 Bolton St
Rueben,Production Employee,15-10-90,27-02-21,0+,01956-535511,rueben_gastellum@gastellum.co.uk,4 Forrest St
Michell,Production Employee,16-10-90,28-02-21,0+,01672-496478,mthrossell@throssell.co.uk,89 Noon St
Edgar,Production Employee,17-10-90,01-03-21,0+,01666-638176,edgar.kanne@yahoo.com,99 Guthrie St
Dewitt,Production Employee,18-10-90,02-03-21,0+,01241-964675,dewitt.julio@hotmail.com,7 Richmond St
Charisse,Production Employee,19-10-90,03-03-21,0+,01207-428520,charisse_spinello@spinello.co.uk,9165 Primrose St
Mee,Production Employee,20-10-90,04-03-21,0+,01939-815208,mee.lapinski@yahoo.com,9 Pengwern St
Peter,Production Employee,21-10-90,05-03-21,0+,01859-648598,peter_gutierres@yahoo.com,4410 Tarlton St
Octavio,Production Employee,22-10-90,06-03-21,0+,01743-139456,octavio.salvadore@yahoo.com,6949 Bourne St
Martha,Production Employee,23-10-90,07-03-21,0+,01583-287367,mteplica@teplica.co.uk,148 Rembrandt St
Tamesha,Production Employee,24-10-90,08-03-21,0+,01280-786847,tveigel@veigel.co.uk,2200 Nelson St #58
Tess,Production Employee,25-10-90,09-03-21,0+,01848-116775,tess_sitra@hotmail.com,61 Rossett St
Leonard,Production Employee,26-10-90,10-03-21,0+,01604-718601,lkufner@kufner.co.uk,41 Canning St
Svetlana,Production Employee,27-10-90,11-03-21,0+,01509-121140,svetlana_tauras@tauras.co.uk,8289 Cadogan St
Pok,Production Employee,28-10-90,12-03-21,0+,01315-284286,pok@yahoo.com,211 Hobart St
Augustine,Production Employee,29-10-90,13-03-21,0+,01926-108010,augustine.growcock@growcock.co.uk,114 Falkland St #8845
Karma,Production Employee,30-10-90,14-03-21,0+,01307-667811,kquarto@gmail.com,1 Birkett St
Reed,Production Employee,31-10-90,15-03-21,0+,01292-297245,reed_weisinger@yahoo.com,5147 Blackstone St
German,Production Employee,01-11-90,16-03-21,0+,01366-210656,german@hotmail.com,7 Shenstone St
Milly,Production Employee,02-11-90,17-03-21,0+,01421-132652,milly@gmail.com,129 Alexander Pope St
Luis,Production Employee,03-11-90,18-03-21,0+,01405-648623,luis@hotmail.com,2 Birchfield Rd
Ciara,Production Employee,04-11-90,19-03-21,0+,01809-443217,ciara_cobbley@hotmail.com,7523 Kempton Rd
Alethea,Production Employee,05-11-90,20-03-21,0+,01351-868965,alethea@hotmail.com,6305 Elstow St
Margurite,Production Employee,06-11-90,21-03-21,0+,01640-661191,mloperfido@gmail.com,218 Greenbank Drive
Vernice,Production Employee,07-11-90,22-03-21,0+,01765-519419,vernice@yahoo.com,8921 Forge St
Vicente,Production Employee,08-11-90,23-03-21,0+,01286-258121,vicente_rawicki@hotmail.com,3060 St Ambrose Grove #261
Craig,Production Employee,09-11-90,24-03-21,0+,01818-980469,craig@hotmail.com,8388 Bessemer St #5
Jenise,Production Employee,10-11-90,25-03-21,0+,01572-193368,jenise.dulle@hotmail.com,87 Pownall Sq
Marylin,Production Employee,11-11-90,26-03-21,0+,01295-331807,marylin_cornelison@yahoo.com,39 Wye St
Marget,Production Employee,12-11-90,27-03-21,0+,01512-975244,mgunst@yahoo.com,2732 Bostock St #1
Annett,Production Employee,13-11-90,28-03-21,0+,01333-972244,abunselmeyer@hotmail.com,5562 Fairfield St #847
Kip,Production Employee,14-11-90,29-03-21,0+,01222-164469,kip.turziano@yahoo.com,37 Meadow St
Melina,Production Employee,15-11-90,30-03-21,0+,01245-559333,melina@gmail.com,3 Nevison St
Tina,Production Employee,16-11-90,31-03-21,0+,01493-245349,tclapham@gmail.com,5662 William Moult St
Luisa,Production Employee,17-11-90,01-04-21,0+,01334-807355,ldevereux@gmail.com,3 North View #35
Pedro,Production Employee,18-11-90,02-04-21,0+,01823-517315,paschoff@yahoo.com,135 Opie St
Carrol,Production Employee,19-11-90,03-04-21,0+,01415-364461,carrol_kunimitsu@yahoo.com,1 Askew St
Alba,Production Employee,20-11-90,04-04-21,0+,01231-806535,alba@gmail.com,4 Burnall St
Domonique,Production Employee,21-11-90,05-04-21,0+,01987-728730,domonique@hotmail.com,95 Denton St
Rory,Production Employee,22-11-90,06-04-21,0+,01442-700486,rory_neufville@neufville.co.uk,5 Chadwick St #7
Dustin,Production Employee,23-11-90,07-04-21,0+,01523-775781,dklingaman@gmail.com,67 Micawber St
Lyndia,Production Employee,24-11-90,08-04-21,0+,01789-132579,lyndia_moonshower@moonshower.co.uk,43 Williamson St #7995
Jules,Production Employee,25-11-90,09-04-21,0+,01814-878359,jules@yahoo.com,5 Howe St
Dong,Production Employee,26-11-90,10-04-21,0+,01639-518104,dkopczynski@kopczynski.co.uk,7 Cheapside #9
Justine,Production Employee,27-11-90,11-04-21,0+,01376-851958,justine_salta@yahoo.com,85 Bridgewater St
Chantay,Production Employee,28-11-90,12-04-21,0+,01245-146126,ckamens@hotmail.com,763 Parkfield Rd
Tequila,Production Employee,29-11-90,13-04-21,0+,01702-946496,tequila.chisum@chisum.co.uk,662 Grove Park
Maybelle,Production Employee,30-11-90,14-04-21,0+,01351-200904,mconsolazio@yahoo.com,5410 Lawton St
Margarett,Production Employee,01-12-90,15-04-21,0+,01903-424890,margarett@gmail.com,3 August Rd
Janessa,Production Employee,02-12-90,16-04-21,0+,01841-979075,jnoonon@yahoo.com,476 Starkie St
Sol,Production Employee,03-12-90,17-04-21,0+,01580-134516,sol@gmail.com,6448 Tillard St
Louann,Production Employee,04-12-90,18-04-21,0+,01488-872531,louann@gmail.com,3055 Creswick St
Lindsay,Production Employee,05-12-90,19-04-21,0+,01481-295251,lindsay_yadao@yadao.co.uk,7 Jolliffe St
Malika,Production Employee,06-12-90,20-04-21,0+,01705-208145,malika@gmail.com,1175 Greig St
Stefany,Production Employee,07-12-90,21-04-21,0+,01704-986828,stefany@hotmail.com,636 Portland Place
Abraham,Production Employee,08-12-90,22-04-21,0+,01695-305111,acratch@gmail.com,41 Benedict St
Giuseppe,Production Employee,09-12-90,23-04-21,0+,01866-845669,giuseppe@yahoo.com,62 Margaret St
Kiera,Production Employee,10-12-90,24-04-21,0+,01783-446052,kbassil@bassil.co.uk,5152 Sophia St
Wendell,Production Employee,11-12-90,25-04-21,0+,01752-386691,wendell_rubano@hotmail.com,1 Back Canning St
Stevie,Production Employee,12-12-90,26-04-21,0+,01411-169215,stevie_stifflemire@stifflemire.co.uk,9 Gradwell St
Yun,Production Employee,13-12-90,27-04-21,0+,01374-255198,yun_paletta@paletta.co.uk,9205 Upper Hill St
Brittani,Production Employee,14-12-90,28-04-21,0+,01970-890023,bthurm@yahoo.com,9 Horatio St
Billy,Production Employee,15-12-90,29-04-21,0+,01703-435212,billy.venus@yahoo.com,61 Miriam St
Brynn,Production Employee,16-12-90,30-04-21,0+,01345-625433,brynn@yahoo.com,67 Pulford St
Elroy,Production Employee,17-12-90,01-05-21,0+,01586-387018,epiehler@piehler.co.uk,821 Pembroke Place
Anisha,Production Employee,18-12-90,02-05-21,0+,01268-233798,ashulick@yahoo.com,3 Alder St
Bettina,Production Employee,19-12-90,03-05-21,0+,01340-622388,bettina.kham@kham.co.uk,80 Morecambe St
Velda,Production Employee,20-12-90,04-05-21,0+,01368-456268,velda_mancilla@mancilla.co.uk,7866 Renshaw St #283
Marta,Production Employee,21-12-90,05-05-21,0+,01631-454193,marta.brace@brace.co.uk,658 Lake St
Juan,Production Employee,22-12-90,06-05-21,0+,01728-150282,juan_vanwyhe@gmail.com,5382 Redfern St
Lelia,Production Employee,23-12-90,07-05-21,0+,01322-715065,lelia.filion@filion.co.uk,45 Bidder St #38
Una,Production Employee,24-12-90,08-05-21,0+,01308-356704,ufrankel@hotmail.com,6766 Britton St #379
Eva,Production Employee,25-12-90,09-05-21,0+,01961-802899,eva.joulwan@gmail.com,7 Lear Rd
Mammie,Production Employee,26-12-90,10-05-21,0+,01439-184366,mammie_dormanen@hotmail.com,2577 Toxteth St #5
Jeannetta,Production Employee,27-12-90,11-05-21,0+,01440-276155,jeannetta_coolidge@gmail.com,761 Cockerell St #1
Elbert,Production Employee,28-12-90,12-05-21,0+,01496-526674,edrawe@drawe.co.uk,9 Cypress St
Lenny,Production Employee,29-12-90,13-05-21,0+,01342-706893,lenny.gazzola@yahoo.com,6 Romilly St
Mira,Production Employee,30-12-90,14-05-21,0+,01381-836777,mira.alpheaus@yahoo.com,51 St Anne St #12
Cathern,Production Employee,31-12-90,15-05-21,0+,01266-671305,cathern.ungar@ungar.co.uk,823 Idris St
Malcom,Production Employee,01-01-91,16-05-21,0+,01937-120539,malcom.fleckles@gmail.com,8764 Nickleby St #877
Monroe,Production Employee,02-01-91,17-05-21,0+,01440-164945,mdamato@damato.co.uk,5344 Bengel St #5
Leota,Production Employee,03-01-91,18-05-21,0+,01414-780251,lfletchen@gmail.com,8880 Great Howard St #7750
Berry,Production Employee,04-01-91,19-05-21,0+,01929-400879,berry@gmail.com,9 Oakleigh
Meghan,Production Employee,05-01-91,20-05-21,0+,01650-129106,meghan@riherd.co.uk,83 Denbigh St Bootle
Mike,Production Employee,06-01-91,21-05-21,0+,01408-918612,mike_torner@torner.co.uk,30 Aughton St
Elsa,Production Employee,07-01-91,22-05-21,0+,01204-471598,elsa_delisle@gmail.com,260 Saxon St
Linwood,Production Employee,08-01-91,23-05-21,0+,01244-769346,linwood.rosenlof@yahoo.com,3 Pyramid St
